seqName	clade	Nextclade_pango	partiallyAliased
A	19B	A	A
B	19A	B	B
B.1	20A	B.1	B.1
B.1.1	20B	B.1.1	B.1.1
B.1.1.7	20I	B.1.1.7	B.1.1.7
B.1.617.2	21A	B.1.617.2	B.1.617.2
BA.1	21K	BA.1	BA.1
BA.2	21L	BA.2	BA.2
BA.2.1	21L	BA.2.1	BA.2.1
BA.2.2	21L	BA.2.2	BA.2.2
BA.2.2.1	21L	BA.2.2.1	BA.2.2.1
BA.2.3	21L	BA.2.3	BA.2.3
BA.2.3.1	21L	BA.2.3.1	BA.2.3.1
BA.2.3.2	21L	BA.2.3.2	BA.2.3.2
BA.2.3.4	21L	BA.2.3.4	BA.2.3.4
BA.2.3.5	21L	BA.2.3.5	BA.2.3.5
BA.2.3.6	21L	BA.2.3.6	BA.2.3.6
BA.2.3.7	21L	BA.2.3.7	BA.2.3.7
BA.2.3.8	21L	BA.2.3.8	BA.2.3.8
BA.2.3.9	21L	BA.2.3.9	BA.2.3.9
BA.2.3.10	21L	BA.2.3.10	BA.2.3.10
BA.2.3.11	21L	BA.2.3.11	BA.2.3.11
BA.2.3.12	21L	BA.2.3.12	BA.2.3.12
BA.2.3.13	21L	BA.2.3.13	BA.2.3.13
BA.2.3.14	21L	BA.2.3.14	BA.2.3.14
BA.2.3.15	21L	BA.2.3.15	BA.2.3.15
BA.2.3.16	21L	BA.2.3.16	BA.2.3.16
BA.2.3.17	21L	BA.2.3.17	BA.2.3.17
BA.2.3.18	21L	BA.2.3.18	BA.2.3.18
BA.2.3.19	21L	BA.2.3.19	BA.2.3.19
BA.2.3.20	21L	BA.2.3.20	BA.2.3.20
BA.2.3.21	21L	BA.2.3.21	BA.2.3.21
BA.2.3.22	21L	BA.2.3.22	BA.2.3.22
BA.2.4	21L	BA.2.4	BA.2.4
BA.2.5	21L	BA.2.5	BA.2.5
BA.2.6	21L	BA.2.6	BA.2.6
BA.2.7	21L	BA.2.7	BA.2.7
BA.2.8	21L	BA.2.8	BA.2.8
BA.2.9	21L	BA.2.9	BA.2.9
BA.2.9.1	21L	BA.2.9.1	BA.2.9.1
BA.2.9.2	21L	BA.2.9.2	BA.2.9.2
BA.2.9.3	21L	BA.2.9.3	BA.2.9.3
BA.2.9.4	21L	BA.2.9.4	BA.2.9.4
BA.2.9.5	21L	BA.2.9.5	BA.2.9.5
BA.2.9.6	21L	BA.2.9.6	BA.2.9.6
BA.2.9.7	21L	BA.2.9.7	BA.2.9.7
BA.2.10	21L	BA.2.10	BA.2.10
BA.2.10.1	21L	BA.2.10.1	BA.2.10.1
BA.2.10.2	21L	BA.2.10.2	BA.2.10.2
BA.2.10.3	21L	BA.2.10.3	BA.2.10.3
BA.2.10.4	21L	BA.2.10.4	BA.2.10.4
BA.2.11	21L	BA.2.11	BA.2.11
BA.2.12	21L	BA.2.12	BA.2.12
BA.2.12.1	22C	BA.2.12.1	BA.2.12.1
BA.2.12.2	21L	BA.2.12.2	BA.2.12.2
BA.2.13	21L	BA.2.13	BA.2.13
BA.2.13.1	21L	BA.2.13.1	BA.2.13.1
BA.2.14	21L	BA.2.14	BA.2.14
BA.2.15	21L	BA.2.15	BA.2.15
BA.2.16	21L	BA.2.16	BA.2.16
BA.2.17	21L	BA.2.17	BA.2.17
BA.2.18	21L	BA.2.18	BA.2.18
BA.2.19	21L	BA.2.19	BA.2.19
BA.2.20	21L	BA.2.20	BA.2.20
BA.2.21	21L	BA.2.21	BA.2.21
BA.2.22	21L	BA.2.22	BA.2.22
BA.2.23	21L	BA.2.23	BA.2.23
BA.2.23.1	21L	BA.2.23.1	BA.2.23.1
BA.2.24	21L	BA.2.24	BA.2.24
BA.2.25	21L	BA.2.25	BA.2.25
BA.2.25.1	21L	BA.2.25.1	BA.2.25.1
BA.2.26	21L	BA.2.26	BA.2.26
BA.2.27	21L	BA.2.27	BA.2.27
BA.2.28	21L	BA.2.28	BA.2.28
BA.2.29	21L	BA.2.29	BA.2.29
BA.2.30	21L	BA.2.30	BA.2.30
BA.2.31	21L	BA.2.31	BA.2.31
BA.2.31.1	21L	BA.2.31.1	BA.2.31.1
BA.2.32	21L	BA.2.32	BA.2.32
BA.2.33	21L	BA.2.33	BA.2.33
BA.2.34	21L	BA.2.34	BA.2.34
BA.2.35	21L	BA.2.35	BA.2.35
BA.2.36	21L	BA.2.36	BA.2.36
BA.2.37	21L	BA.2.37	BA.2.37
BA.2.38	21L	BA.2.38	BA.2.38
BA.2.38.1	21L	BA.2.38.1	BA.2.38.1
BA.2.38.2	21L	BA.2.38.2	BA.2.38.2
BA.2.38.3	21L	BA.2.38.3	BA.2.38.3
BA.2.38.4	21L	BA.2.38.4	BA.2.38.4
BA.2.39	21L	BA.2.39	BA.2.39
BA.2.40	21L	BA.2.40	BA.2.40
BA.2.40.1	21L	BA.2.40.1	BA.2.40.1
BA.2.41	21L	BA.2.41	BA.2.41
BA.2.42	21L	BA.2.42	BA.2.42
BA.2.43	21L	BA.2.43	BA.2.43
BA.2.44	21L	BA.2.44	BA.2.44
BA.2.45	21L	BA.2.45	BA.2.45
BA.2.46	21L	BA.2.46	BA.2.46
BA.2.47	21L	BA.2.47	BA.2.47
BA.2.48	21L	BA.2.48	BA.2.48
BA.2.49	21L	BA.2.49	BA.2.49
BA.2.50	21L	BA.2.50	BA.2.50
BA.2.51	21L	BA.2.51	BA.2.51
BA.2.52	21L	BA.2.52	BA.2.52
BA.2.53	21L	BA.2.53	BA.2.53
BA.2.54	21L	BA.2.54	BA.2.54
BA.2.55	21L	BA.2.55	BA.2.55
BA.2.56	21L	BA.2.56	BA.2.56
BA.2.56.1	21L	BA.2.56.1	BA.2.56.1
BA.2.57	21L	BA.2.57	BA.2.57
BA.2.58	21L	BA.2.58	BA.2.58
BA.2.59	21L	BA.2.59	BA.2.59
BA.2.60	21L	BA.2.60	BA.2.60
BA.2.61	21L	BA.2.61	BA.2.61
BA.2.62	21L	BA.2.62	BA.2.62
BA.2.63	21L	BA.2.63	BA.2.63
BA.2.64	21L	BA.2.64	BA.2.64
BA.2.65	21L	BA.2.65	BA.2.65
BA.2.66	21L	BA.2.66	BA.2.66
BA.2.67	21L	BA.2.67	BA.2.67
BA.2.68	21L	BA.2.68	BA.2.68
BA.2.69	21L	BA.2.69	BA.2.69
BA.2.70	21L	BA.2.70	BA.2.70
BA.2.71	21L	BA.2.71	BA.2.71
BA.2.72	21L	BA.2.72	BA.2.72
BA.2.73	21L	BA.2.73	BA.2.73
BA.2.74	21L	BA.2.74	BA.2.74
BA.2.75	22D	BA.2.75	BA.2.75
BA.2.75.1	22D	BA.2.75.1	BA.2.75.1
BA.2.75.2	22D	BA.2.75.2	BA.2.75.2
BA.2.75.3	22D	BA.2.75.3	BA.2.75.3
BA.2.75.4	22D	BA.2.75.4	BA.2.75.4
BA.2.75.5	22D	BA.2.75.5	BA.2.75.5
BA.2.75.6	22D	BA.2.75.6	BA.2.75.6
BA.2.75.7	22D	BA.2.75.7	BA.2.75.7
BA.2.75.8	22D	BA.2.75.8	BA.2.75.8
BA.2.75.9	22D	BA.2.75.9	BA.2.75.9
BA.2.75.10	22D	BA.2.75.10	BA.2.75.10
BA.2.76	21L	BA.2.76	BA.2.76
BA.2.76.1	21L	BA.2.76.1	BA.2.76.1
BA.2.76.2	21L	BA.2.76.2	BA.2.76.2
BA.2.77	21L	BA.2.77	BA.2.77
BA.2.78	21L	BA.2.78	BA.2.78
BA.2.79	21L	BA.2.79	BA.2.79
BA.2.79.1	21L	BA.2.79.1	BA.2.79.1
BA.2.80	21L	BA.2.80	BA.2.80
BA.2.81	21L	BA.2.81	BA.2.81
BA.2.82	21L	BA.2.82	BA.2.82
BA.2.83	21L	BA.2.83	BA.2.83
BA.2.85	21L	BA.2.85	BA.2.85
BA.4	22A	BA.4	BA.4
BA.4.1	22A	BA.4.1	BA.4.1
BA.4.1.1	22A	BA.4.1.1	BA.4.1.1
BA.4.1.2	22A	BA.4.1.2	BA.4.1.2
BA.4.1.3	22A	BA.4.1.3	BA.4.1.3
BA.4.1.4	22A	BA.4.1.4	BA.4.1.4
BA.4.1.5	22A	BA.4.1.5	BA.4.1.5
BA.4.1.6	22A	BA.4.1.6	BA.4.1.6
BA.4.1.7	22A	BA.4.1.7	BA.4.1.7
BA.4.1.8	22A	BA.4.1.8	BA.4.1.8
BA.4.1.9	22A	BA.4.1.9	BA.4.1.9
BA.4.1.10	22A	BA.4.1.10	BA.4.1.10
BA.4.1.11	22A	BA.4.1.11	BA.4.1.11
BA.4.2	22A	BA.4.2	BA.4.2
BA.4.3	22A	BA.4.3	BA.4.3
BA.4.4	22A	BA.4.4	BA.4.4
BA.4.5	22A	BA.4.5	BA.4.5
BA.4.6	22A	BA.4.6	BA.4.6
BA.4.6.1	22A	BA.4.6.1	BA.4.6.1
BA.4.6.2	22A	BA.4.6.2	BA.4.6.2
BA.4.6.3	22A	BA.4.6.3	BA.4.6.3
BA.4.6.4	22A	BA.4.6.4	BA.4.6.4
BA.4.6.5	22A	BA.4.6.5	BA.4.6.5
BA.4.7	22A	BA.4.7	BA.4.7
BA.4.8	22A	BA.4.8	BA.4.8
BA.5	22B	BA.5	BA.5
BA.5.1	22B	BA.5.1	BA.5.1
BA.5.1.1	22B	BA.5.1.1	BA.5.1.1
BA.5.1.2	22B	BA.5.1.2	BA.5.1.2
BA.5.1.3	22B	BA.5.1.3	BA.5.1.3
BA.5.1.4	22B	BA.5.1.4	BA.5.1.4
BA.5.1.5	22B	BA.5.1.5	BA.5.1.5
BA.5.1.6	22B	BA.5.1.6	BA.5.1.6
BA.5.1.7	22B	BA.5.1.7	BA.5.1.7
BA.5.1.8	22B	BA.5.1.8	BA.5.1.8
BA.5.1.9	22B	BA.5.1.9	BA.5.1.9
BA.5.1.10	22B	BA.5.1.10	BA.5.1.10
BA.5.1.11	22B	BA.5.1.11	BA.5.1.11
BA.5.1.12	22B	BA.5.1.12	BA.5.1.12
BA.5.1.14	22B	BA.5.1.14	BA.5.1.14
BA.5.1.15	22B	BA.5.1.15	BA.5.1.15
BA.5.1.16	22B	BA.5.1.16	BA.5.1.16
BA.5.1.17	22B	BA.5.1.17	BA.5.1.17
BA.5.1.18	22B	BA.5.1.18	BA.5.1.18
BA.5.1.19	22B	BA.5.1.19	BA.5.1.19
BA.5.1.20	22B	BA.5.1.20	BA.5.1.20
BA.5.1.21	22B	BA.5.1.21	BA.5.1.21
BA.5.1.22	22B	BA.5.1.22	BA.5.1.22
BA.5.1.23	22B	BA.5.1.23	BA.5.1.23
BA.5.1.24	22B	BA.5.1.24	BA.5.1.24
BA.5.1.25	22B	BA.5.1.25	BA.5.1.25
BA.5.1.26	22B	BA.5.1.26	BA.5.1.26
BA.5.1.27	22B	BA.5.1.27	BA.5.1.27
BA.5.1.28	22B	BA.5.1.28	BA.5.1.28
BA.5.1.29	22B	BA.5.1.29	BA.5.1.29
BA.5.1.30	22B	BA.5.1.30	BA.5.1.30
BA.5.1.31	22B	BA.5.1.31	BA.5.1.31
BA.5.1.32	22B	BA.5.1.32	BA.5.1.32
BA.5.1.33	22B	BA.5.1.33	BA.5.1.33
BA.5.1.34	22B	BA.5.1.34	BA.5.1.34
BA.5.1.35	22B	BA.5.1.35	BA.5.1.35
BA.5.1.36	22B	BA.5.1.36	BA.5.1.36
BA.5.1.37	22B	BA.5.1.37	BA.5.1.37
BA.5.1.38	22B	BA.5.1.38	BA.5.1.38
BA.5.2	22B	BA.5.2	BA.5.2
BA.5.2.1	22B	BA.5.2.1	BA.5.2.1
BA.5.2.2	22B	BA.5.2.2	BA.5.2.2
BA.5.2.3	22B	BA.5.2.3	BA.5.2.3
BA.5.2.4	22B	BA.5.2.4	BA.5.2.4
BA.5.2.5	22B	BA.5.2.5	BA.5.2.5
BA.5.2.6	22B	BA.5.2.6	BA.5.2.6
BA.5.2.7	22B	BA.5.2.7	BA.5.2.7
BA.5.2.8	22B	BA.5.2.8	BA.5.2.8
BA.5.2.9	22B	BA.5.2.9	BA.5.2.9
BA.5.2.10	22B	BA.5.2.10	BA.5.2.10
BA.5.2.11	22B	BA.5.2.11	BA.5.2.11
BA.5.2.12	22B	BA.5.2.12	BA.5.2.12
BA.5.2.13	22B	BA.5.2.13	BA.5.2.13
BA.5.2.14	22B	BA.5.2.14	BA.5.2.14
BA.5.2.16	22B	BA.5.2.16	BA.5.2.16
BA.5.2.18	22B	BA.5.2.18	BA.5.2.18
BA.5.2.19	22B	BA.5.2.19	BA.5.2.19
BA.5.2.20	22B	BA.5.2.20	BA.5.2.20
BA.5.2.21	22B	BA.5.2.21	BA.5.2.21
BA.5.2.22	22B	BA.5.2.22	BA.5.2.22
BA.5.2.23	22B	BA.5.2.23	BA.5.2.23
BA.5.2.24	22B	BA.5.2.24	BA.5.2.24
BA.5.2.25	22B	BA.5.2.25	BA.5.2.25
BA.5.2.26	22B	BA.5.2.26	BA.5.2.26
BA.5.2.27	22B	BA.5.2.27	BA.5.2.27
BA.5.2.28	22B	BA.5.2.28	BA.5.2.28
BA.5.2.29	22B	BA.5.2.29	BA.5.2.29
BA.5.2.30	22B	BA.5.2.30	BA.5.2.30
BA.5.2.31	22B	BA.5.2.31	BA.5.2.31
BA.5.2.32	22B	BA.5.2.32	BA.5.2.32
BA.5.2.33	22B	BA.5.2.33	BA.5.2.33
BA.5.2.34	22B	BA.5.2.34	BA.5.2.34
BA.5.2.35	22B	BA.5.2.35	BA.5.2.35
BA.5.2.36	22B	BA.5.2.36	BA.5.2.36
BA.5.2.37	22B	BA.5.2.37	BA.5.2.37
BA.5.2.38	22B	BA.5.2.38	BA.5.2.38
BA.5.2.39	22B	BA.5.2.39	BA.5.2.39
BA.5.2.40	22B	BA.5.2.40	BA.5.2.40
BA.5.2.41	22B	BA.5.2.41	BA.5.2.41
BA.5.2.42	22B	BA.5.2.42	BA.5.2.42
BA.5.2.43	22B	BA.5.2.43	BA.5.2.43
BA.5.2.44	22B	BA.5.2.44	BA.5.2.44
BA.5.2.45	22B	BA.5.2.45	BA.5.2.45
BA.5.2.46	22B	BA.5.2.46	BA.5.2.46
BA.5.2.47	22B	BA.5.2.47	BA.5.2.47
BA.5.2.48	22B	BA.5.2.48	BA.5.2.48
BA.5.2.49	22B	BA.5.2.49	BA.5.2.49
BA.5.2.50	22B	BA.5.2.50	BA.5.2.50
BA.5.2.51	22B	BA.5.2.51	BA.5.2.51
BA.5.2.52	22B	BA.5.2.52	BA.5.2.52
BA.5.2.53	22B	BA.5.2.53	BA.5.2.53
BA.5.2.54	22B	BA.5.2.54	BA.5.2.54
BA.5.2.55	22B	BA.5.2.55	BA.5.2.55
BA.5.2.56	22B	BA.5.2.56	BA.5.2.56
BA.5.2.57	22B	BA.5.2.57	BA.5.2.57
BA.5.2.58	22B	BA.5.2.58	BA.5.2.58
BA.5.2.59	22B	BA.5.2.59	BA.5.2.59
BA.5.2.60	22B	BA.5.2.60	BA.5.2.60
BA.5.2.61	22B	BA.5.2.61	BA.5.2.61
BA.5.2.62	22B	BA.5.2.62	BA.5.2.62
BA.5.2.63	22B	BA.5.2.63	BA.5.2.63
BA.5.3	22B	BA.5.3	BA.5.3
BA.5.3.1	22B	BA.5.3.1	BA.5.3.1
BA.5.3.2	22B	BA.5.3.2	BA.5.3.2
BA.5.3.3	22B	BA.5.3.3	BA.5.3.3
BA.5.3.4	22B	BA.5.3.4	BA.5.3.4
BA.5.3.5	22B	BA.5.3.5	BA.5.3.5
BA.5.5	22B	BA.5.5	BA.5.5
BA.5.5.1	22B	BA.5.5.1	BA.5.5.1
BA.5.5.2	22B	BA.5.5.2	BA.5.5.2
BA.5.5.3	22B	BA.5.5.3	BA.5.5.3
BA.5.6	22B	BA.5.6	BA.5.6
BA.5.6.1	22B	BA.5.6.1	BA.5.6.1
BA.5.6.2	22B	BA.5.6.2	BA.5.6.2
BA.5.6.3	22B	BA.5.6.3	BA.5.6.3
BA.5.6.4	22B	BA.5.6.4	BA.5.6.4
BA.5.7	22B	BA.5.7	BA.5.7
BA.5.8	22B	BA.5.8	BA.5.8
BA.5.9	22B	BA.5.9	BA.5.9
BA.5.10	22B	BA.5.10	BA.5.10
BA.5.10.1	22B	BA.5.10.1	BA.5.10.1
BA.5.11	22B	BA.5.11	BA.5.11
BA2754	22D	BA.2.75.4	BA.2.75.4
BE.1	22B	BE.1	BA.5.3.1.1
BE.1.1	22B	BE.1.1	BA.5.3.1.1.1
BE.1.1.1	22B	BE.1.1.1	BA.5.3.1.1.1.1
BE.1.1.2	22B	BE.1.1.2	BA.5.3.1.1.1.2
BE.1.2	22B	BE.1.2	BA.5.3.1.1.2
BE.1.2.1	22B	BE.1.2.1	BA.5.3.1.1.2.1
BE.1.3	22B	BE.1.3	BA.5.3.1.1.3
BE.1.4	22B	BE.1.4	BA.5.3.1.1.4
BE.1.4.1	22B	BE.1.4.1	BA.5.3.1.1.4.1
BE.1.4.2	22B	BE.1.4.2	BA.5.3.1.1.4.2
BE.1.4.3	22B	BE.1.4.3	BA.5.3.1.1.4.3
BE.1.4.4	22B	BE.1.4.4	BA.5.3.1.1.4.4
BE.2	22B	BE.2	BA.5.3.1.2
BE.3	22B	BE.3	BA.5.3.1.3
BE.4	22B	BE.4	BA.5.3.1.4
BE.4.1	22B	BE.4.1	BA.5.3.1.4.1
BE.4.1.1	22B	BE.4.1.1	BA.5.3.1.4.1.1
BE.4.2	22B	BE.4.2	BA.5.3.1.4.2
BE.5	22B	BE.5	BA.5.3.1.5
BE.6	22B	BE.6	BA.5.3.1.6
BE.7	22B	BE.7	BA.5.3.1.7
BE.8	22B	BE.8	BA.5.3.1.8
BE.9	22B	BE.9	BA.5.3.1.9
BE.10	22B	BE.10	BA.5.3.1.10
BF.1	22B	BF.1	BA.5.2.1.1
BF.1.1	22B	BF.1.1	BA.5.2.1.1.1
BF.2	22B	BF.2	BA.5.2.1.2
BF.3	22B	BF.3	BA.5.2.1.3
BF.3.1	22B	BF.3.1	BA.5.2.1.3.1
BF.4	22B	BF.4	BA.5.2.1.4
BF.5	22B	BF.5	BA.5.2.1.5
BF.5.1	22B	BF.5.1	BA.5.2.1.5.1
BF.5.2	22B	BF.5.2	BA.5.2.1.5.2
BF.5.3	22B	BF.5.3	BA.5.2.1.5.3
BF.5.4	22B	BF.5.4	BA.5.2.1.5.4
BF.6	22B	BF.6	BA.5.2.1.6
BF.7	22B	BF.7	BA.5.2.1.7
BF.7.1	22B	BF.7.1	BA.5.2.1.7.1
BF.7.2	22B	BF.7.2	BA.5.2.1.7.2
BF.7.3	22B	BF.7.3	BA.5.2.1.7.3
BF.7.4	22B	BF.7.4	BA.5.2.1.7.4
BF.7.4.1	22B	BF.7.4.1	BA.5.2.1.7.4.1
BF.7.4.2	22B	BF.7.4.2	BA.5.2.1.7.4.2
BF.7.5	22B	BF.7.5	BA.5.2.1.7.5
BF.7.5.1	22B	BF.7.5.1	BA.5.2.1.7.5.1
BF.7.6	22B	BF.7.6	BA.5.2.1.7.6
BF.7.7	22B	BF.7.7	BA.5.2.1.7.7
BF.7.8	22B	BF.7.8	BA.5.2.1.7.8
BF.7.9	22B	BF.7.9	BA.5.2.1.7.9
BF.7.10	22B	BF.7.10	BA.5.2.1.7.10
BF.7.11	22B	BF.7.11	BA.5.2.1.7.11
BF.7.12	22B	BF.7.12	BA.5.2.1.7.12
BF.7.13	22B	BF.7.13	BA.5.2.1.7.13
BF.7.13.1	22B	BF.7.13.1	BA.5.2.1.7.13.1
BF.7.13.2	22B	BF.7.13.2	BA.5.2.1.7.13.2
BF.7.14	22B	BF.7.14	BA.5.2.1.7.14
BF.7.14.1	22B	BF.7.14.1	BA.5.2.1.7.14.1
BF.7.14.2	22B	BF.7.14.2	BA.5.2.1.7.14.2
BF.7.14.3	22B	BF.7.14.3	BA.5.2.1.7.14.3
BF.7.14.4	22B	BF.7.14.4	BA.5.2.1.7.14.4
BF.7.14.5	22B	BF.7.14.5	BA.5.2.1.7.14.5
BF.7.14.6	22B	BF.7.14.6	BA.5.2.1.7.14.6
BF.7.15	22B	BF.7.15	BA.5.2.1.7.15
BF.7.16	22B	BF.7.16	BA.5.2.1.7.16
BF.7.16.1	22B	BF.7.16.1	BA.5.2.1.7.16.1
BF.7.17	22B	BF.7.17	BA.5.2.1.7.17
BF.7.18	22B	BF.7.18	BA.5.2.1.7.18
BF.7.19	22B	BF.7.19	BA.5.2.1.7.19
BF.7.19.1	22B	BF.7.19.1	BA.5.2.1.7.19.1
BF.7.20	22B	BF.7.20	BA.5.2.1.7.20
BF.7.21	22B	BF.7.21	BA.5.2.1.7.21
BF.7.22	22B	BF.7.22	BA.5.2.1.7.22
BF.7.23	22B	BF.7.23	BA.5.2.1.7.23
BF.7.24	22B	BF.7.24	BA.5.2.1.7.24
BF.7.26	22B	BF.7.26	BA.5.2.1.7.26
BF.7.27	22B	BF.7.27	BA.5.2.1.7.27
BF.8	22B	BF.8	BA.5.2.1.8
BF.9	22B	BF.9	BA.5.2.1.9
BF.10	22B	BF.10	BA.5.2.1.10
BF.10.1	22B	BF.10.1	BA.5.2.1.10.1
BF.11	22B	BF.11	BA.5.2.1.11
BF.11.1	22B	BF.11.1	BA.5.2.1.11.1
BF.11.2	22B	BF.11.2	BA.5.2.1.11.2
BF.11.3	22B	BF.11.3	BA.5.2.1.11.3
BF.11.4	22B	BF.11.4	BA.5.2.1.11.4
BF.11.5	22B	BF.11.5	BA.5.2.1.11.5
BF.12	22B	BF.12	BA.5.2.1.12
BF.13	22B	BF.13	BA.5.2.1.13
BF.14	22B	BF.14	BA.5.2.1.14
BF.15	22B	BF.15	BA.5.2.1.15
BF.16	22B	BF.16	BA.5.2.1.16
BF.17	22B	BF.17	BA.5.2.1.17
BF.18	22B	BF.18	BA.5.2.1.18
BF.19	22B	BF.19	BA.5.2.1.19
BF.20	22B	BF.20	BA.5.2.1.20
BF.21	22B	BF.21	BA.5.2.1.21
BF.22	22B	BF.22	BA.5.2.1.22
BF.23	22B	BF.23	BA.5.2.1.23
BF.24	22B	BF.24	BA.5.2.1.24
BF.25	22B	BF.25	BA.5.2.1.25
BF.26	22B	BF.26	BA.5.2.1.26
BF.27	22B	BF.27	BA.5.2.1.27
BF.28	22B	BF.28	BA.5.2.1.28
BF.29	22B	BF.29	BA.5.2.1.29
BF.30	22B	BF.30	BA.5.2.1.30
BF.31	22B	BF.31	BA.5.2.1.31
BF.31.1	22B	BF.31.1	BA.5.2.1.31.1
BF.32	22B	BF.32	BA.5.2.1.32
BF.33	22B	BF.33	BA.5.2.1.33
BF.34	22B	BF.34	BA.5.2.1.34
BF.35	22B	BF.35	BA.5.2.1.35
BF.36	22B	BF.36	BA.5.2.1.36
BF.37	22B	BF.37	BA.5.2.1.37
BF.38	22B	BF.38	BA.5.2.1.38
BF.38.1	22B	BF.38.1	BA.5.2.1.38.1
BF.38.2	22B	BF.38.2	BA.5.2.1.38.2
BF.38.3	22B	BF.38.3	BA.5.2.1.38.3
BF.39	22B	BF.39	BA.5.2.1.39
BF.39.1	22B	BF.39.1	BA.5.2.1.39.1
BF.40	22B	BF.40	BA.5.2.1.40
BF.41	22B	BF.41	BA.5.2.1.41
BF.41.1	22B	BF.41.1	BA.5.2.1.41.1
BG.1	22C	BG.1	BA.2.12.1.1
BG.2	22C	BG.2	BA.2.12.1.2
BG.3	22C	BG.3	BA.2.12.1.3
BG.4	22C	BG.4	BA.2.12.1.4
BG.5	22C	BG.5	BA.2.12.1.5
BG.6	22C	BG.6	BA.2.12.1.6
BG.7	22C	BG.7	BA.2.12.1.7
BH.1	21L	BH.1	BA.2.38.3.1
BJ.1	21L	BJ.1	BA.2.10.1.1
BK.1	22B	BK.1	BA.5.1.10.1
BL.1	22D	BL.1	BA.2.75.1.1
BL.1.1	22D	BL.1.1	BA.2.75.1.1.1
BL.1.2	22D	BL.1.2	BA.2.75.1.1.2
BL.1.3	22D	BL.1.3	BA.2.75.1.1.3
BL.1.4	22D	BL.1.4	BA.2.75.1.1.4
BL.2	22D	BL.2	BA.2.75.1.2
BL.2.1	22D	BL.2.1	BA.2.75.1.2.1
BL.3	22D	BL.3	BA.2.75.1.3
BL.4	22D	BL.4	BA.2.75.1.4
BL.5	22D	BL.5	BA.2.75.1.5
BL.6	22D	BL.6	BA.2.75.1.6
BM.1	22D	BM.1	BA.2.75.3.1
BM.1.1	22D	BM.1.1	BA.2.75.3.1.1
BM.1.1.1	22D	BM.1.1.1	BA.2.75.3.1.1.1
BM.1.1.2	22D	BM.1.1.2	BA.2.75.3.1.1.2
BM.1.1.3	22D	BM.1.1.3	BA.2.75.3.1.1.3
BM.1.1.4	22D	BM.1.1.4	BA.2.75.3.1.1.4
BM.1.1.5	22D	BM.1.1.5	BA.2.75.3.1.1.5
BM.2	22D	BM.2	BA.2.75.3.2
BM.2.1	22D	BM.2.1	BA.2.75.3.2.1
BM.2.2	22D	BM.2.2	BA.2.75.3.2.2
BM.2.3	22D	BM.2.3	BA.2.75.3.2.3
BM.3	22D	BM.3	BA.2.75.3.3
BM.4	22D	BM.4	BA.2.75.3.4
BM.4.1	22D	BM.4.1	BA.2.75.3.4.1
BM.4.1.1	22D	BM.4.1.1	BA.2.75.3.4.1.1
BM.5	22D	BM.5	BA.2.75.3.5
BM.6	22D	BM.6	BA.2.75.3.6
BN.1	22D	BN.1	BA.2.75.5.1
BN.1.1	22D	BN.1.1	BA.2.75.5.1.1
BN.1.1.1	22D	BN.1.1.1	BA.2.75.5.1.1.1
BN.1.2	22D	BN.1.2	BA.2.75.5.1.2
BN.1.2.1	22D	BN.1.2.1	BA.2.75.5.1.2.1
BN.1.2.2	22D	BN.1.2.2	BA.2.75.5.1.2.2
BN.1.2.3	22D	BN.1.2.3	BA.2.75.5.1.2.3
BN.1.2.4	22D	BN.1.2.4	BA.2.75.5.1.2.4
BN.1.3	22D	BN.1.3	BA.2.75.5.1.3
BN.1.3.1	22D	BN.1.3.1	BA.2.75.5.1.3.1
BN.1.3.2	22D	BN.1.3.2	BA.2.75.5.1.3.2
BN.1.3.3	22D	BN.1.3.3	BA.2.75.5.1.3.3
BN.1.3.4	22D	BN.1.3.4	BA.2.75.5.1.3.4
BN.1.3.5	22D	BN.1.3.5	BA.2.75.5.1.3.5
BN.1.3.6	22D	BN.1.3.6	BA.2.75.5.1.3.6
BN.1.3.7	22D	BN.1.3.7	BA.2.75.5.1.3.7
BN.1.3.8	22D	BN.1.3.8	BA.2.75.5.1.3.8
BN.1.4	22D	BN.1.4	BA.2.75.5.1.4
BN.1.4.1	22D	BN.1.4.1	BA.2.75.5.1.4.1
BN.1.4.2	22D	BN.1.4.2	BA.2.75.5.1.4.2
BN.1.4.3	22D	BN.1.4.3	BA.2.75.5.1.4.3
BN.1.4.4	22D	BN.1.4.4	BA.2.75.5.1.4.4
BN.1.4.5	22D	BN.1.4.5	BA.2.75.5.1.4.5
BN.1.5	22D	BN.1.5	BA.2.75.5.1.5
BN.1.5.1	22D	BN.1.5.1	BA.2.75.5.1.5.1
BN.1.5.2	22D	BN.1.5.2	BA.2.75.5.1.5.2
BN.1.6	22D	BN.1.6	BA.2.75.5.1.6
BN.1.7	22D	BN.1.7	BA.2.75.5.1.7
BN.1.8	22D	BN.1.8	BA.2.75.5.1.8
BN.1.9	22D	BN.1.9	BA.2.75.5.1.9
BN.1.10	22D	BN.1.10	BA.2.75.5.1.10
BN.1.11	22D	BN.1.11	BA.2.75.5.1.11
BN.2	22D	BN.2	BA.2.75.5.2
BN.2.1	22D	BN.2.1	BA.2.75.5.2.1
BN.3	22D	BN.3	BA.2.75.5.3
BN.3.1	22D	BN.3.1	BA.2.75.5.3.1
BN.4	22D	BN.4	BA.2.75.5.4
BN.5	22D	BN.5	BA.2.75.5.5
BN.6	22D	BN.6	BA.2.75.5.6
BP.1	21L	BP.1	BA.2.3.16.1
BQ.1	22E	BQ.1	BA.5.3.1.1.1.1.1
BQ.1.1	22E	BQ.1.1	BA.5.3.1.1.1.1.1.1
BQ.1.1.1	22E	BQ.1.1.1	BA.5.3.1.1.1.1.1.1.1
BQ.1.1.2	22E	BQ.1.1.2	BA.5.3.1.1.1.1.1.1.2
BQ.1.1.3	22E	BQ.1.1.3	BA.5.3.1.1.1.1.1.1.3
BQ.1.1.4	22E	BQ.1.1.4	BA.5.3.1.1.1.1.1.1.4
BQ.1.1.5	22E	BQ.1.1.5	BA.5.3.1.1.1.1.1.1.5
BQ.1.1.6	22E	BQ.1.1.6	BA.5.3.1.1.1.1.1.1.6
BQ.1.1.7	22E	BQ.1.1.7	BA.5.3.1.1.1.1.1.1.7
BQ.1.1.8	22E	BQ.1.1.8	BA.5.3.1.1.1.1.1.1.8
BQ.1.1.9	22E	BQ.1.1.9	BA.5.3.1.1.1.1.1.1.9
BQ.1.1.10	22E	BQ.1.1.10	BA.5.3.1.1.1.1.1.1.10
BQ.1.1.11	22E	BQ.1.1.11	BA.5.3.1.1.1.1.1.1.11
BQ.1.1.12	22E	BQ.1.1.12	BA.5.3.1.1.1.1.1.1.12
BQ.1.1.13	22E	BQ.1.1.13	BA.5.3.1.1.1.1.1.1.13
BQ.1.1.14	22E	BQ.1.1.14	BA.5.3.1.1.1.1.1.1.14
BQ.1.1.15	22E	BQ.1.1.15	BA.5.3.1.1.1.1.1.1.15
BQ.1.1.16	22E	BQ.1.1.16	BA.5.3.1.1.1.1.1.1.16
BQ.1.1.17	22E	BQ.1.1.17	BA.5.3.1.1.1.1.1.1.17
BQ.1.1.18	22E	BQ.1.1.18	BA.5.3.1.1.1.1.1.1.18
BQ.1.1.19	22E	BQ.1.1.19	BA.5.3.1.1.1.1.1.1.19
BQ.1.1.20	22E	BQ.1.1.20	BA.5.3.1.1.1.1.1.1.20
BQ.1.1.21	22E	BQ.1.1.21	BA.5.3.1.1.1.1.1.1.21
BQ.1.1.22	22E	BQ.1.1.22	BA.5.3.1.1.1.1.1.1.22
BQ.1.1.23	22E	BQ.1.1.23	BA.5.3.1.1.1.1.1.1.23
BQ.1.1.24	22E	BQ.1.1.24	BA.5.3.1.1.1.1.1.1.24
BQ.1.1.25	22E	BQ.1.1.25	BA.5.3.1.1.1.1.1.1.25
BQ.1.1.26	22E	BQ.1.1.26	BA.5.3.1.1.1.1.1.1.26
BQ.1.1.27	22E	BQ.1.1.27	BA.5.3.1.1.1.1.1.1.27
BQ.1.1.28	22E	BQ.1.1.28	BA.5.3.1.1.1.1.1.1.28
BQ.1.1.29	22E	BQ.1.1.29	BA.5.3.1.1.1.1.1.1.29
BQ.1.1.30	22E	BQ.1.1.30	BA.5.3.1.1.1.1.1.1.30
BQ.1.1.31	22E	BQ.1.1.31	BA.5.3.1.1.1.1.1.1.31
BQ.1.1.32	22E	BQ.1.1.32	BA.5.3.1.1.1.1.1.1.32
BQ.1.1.34	22E	BQ.1.1.34	BA.5.3.1.1.1.1.1.1.34
BQ.1.1.35	22E	BQ.1.1.35	BA.5.3.1.1.1.1.1.1.35
BQ.1.1.36	22E	BQ.1.1.36	BA.5.3.1.1.1.1.1.1.36
BQ.1.1.37	22E	BQ.1.1.37	BA.5.3.1.1.1.1.1.1.37
BQ.1.1.38	22E	BQ.1.1.38	BA.5.3.1.1.1.1.1.1.38
BQ.1.1.39	22E	BQ.1.1.39	BA.5.3.1.1.1.1.1.1.39
BQ.1.1.40	22E	BQ.1.1.40	BA.5.3.1.1.1.1.1.1.40
BQ.1.1.41	22E	BQ.1.1.41	BA.5.3.1.1.1.1.1.1.41
BQ.1.1.42	22E	BQ.1.1.42	BA.5.3.1.1.1.1.1.1.42
BQ.1.1.43	22E	BQ.1.1.43	BA.5.3.1.1.1.1.1.1.43
BQ.1.1.44	22E	BQ.1.1.44	BA.5.3.1.1.1.1.1.1.44
BQ.1.1.45	22E	BQ.1.1.45	BA.5.3.1.1.1.1.1.1.45
BQ.1.1.46	22E	BQ.1.1.46	BA.5.3.1.1.1.1.1.1.46
BQ.1.1.47	22E	BQ.1.1.47	BA.5.3.1.1.1.1.1.1.47
BQ.1.1.48	22E	BQ.1.1.48	BA.5.3.1.1.1.1.1.1.48
BQ.1.1.49	22E	BQ.1.1.49	BA.5.3.1.1.1.1.1.1.49
BQ.1.1.50	22E	BQ.1.1.50	BA.5.3.1.1.1.1.1.1.50
BQ.1.1.51	22E	BQ.1.1.51	BA.5.3.1.1.1.1.1.1.51
BQ.1.1.52	22E	BQ.1.1.52	BA.5.3.1.1.1.1.1.1.52
BQ.1.1.53	22E	BQ.1.1.53	BA.5.3.1.1.1.1.1.1.53
BQ.1.1.54	22E	BQ.1.1.54	BA.5.3.1.1.1.1.1.1.54
BQ.1.1.55	22E	BQ.1.1.55	BA.5.3.1.1.1.1.1.1.55
BQ.1.1.56	22E	BQ.1.1.56	BA.5.3.1.1.1.1.1.1.56
BQ.1.1.57	22E	BQ.1.1.57	BA.5.3.1.1.1.1.1.1.57
BQ.1.1.58	22E	BQ.1.1.58	BA.5.3.1.1.1.1.1.1.58
BQ.1.1.59	22E	BQ.1.1.59	BA.5.3.1.1.1.1.1.1.59
BQ.1.1.60	22E	BQ.1.1.60	BA.5.3.1.1.1.1.1.1.60
BQ.1.1.61	22E	BQ.1.1.61	BA.5.3.1.1.1.1.1.1.61
BQ.1.1.62	22E	BQ.1.1.62	BA.5.3.1.1.1.1.1.1.62
BQ.1.1.63	22E	BQ.1.1.63	BA.5.3.1.1.1.1.1.1.63
BQ.1.1.64	22E	BQ.1.1.64	BA.5.3.1.1.1.1.1.1.64
BQ.1.1.65	22E	BQ.1.1.65	BA.5.3.1.1.1.1.1.1.65
BQ.1.1.66	22E	BQ.1.1.66	BA.5.3.1.1.1.1.1.1.66
BQ.1.1.67	22E	BQ.1.1.67	BA.5.3.1.1.1.1.1.1.67
BQ.1.1.68	22E	BQ.1.1.68	BA.5.3.1.1.1.1.1.1.68
BQ.1.1.69	22E	BQ.1.1.69	BA.5.3.1.1.1.1.1.1.69
BQ.1.1.70	22E	BQ.1.1.70	BA.5.3.1.1.1.1.1.1.70
BQ.1.2	22E	BQ.1.2	BA.5.3.1.1.1.1.1.2
BQ.1.2.1	22E	BQ.1.2.1	BA.5.3.1.1.1.1.1.2.1
BQ.1.3	22E	BQ.1.3	BA.5.3.1.1.1.1.1.3
BQ.1.4	22E	BQ.1.4	BA.5.3.1.1.1.1.1.4
BQ.1.5	22E	BQ.1.5	BA.5.3.1.1.1.1.1.5
BQ.1.6	22E	BQ.1.6	BA.5.3.1.1.1.1.1.6
BQ.1.7	22E	BQ.1.7	BA.5.3.1.1.1.1.1.7
BQ.1.8	22E	BQ.1.8	BA.5.3.1.1.1.1.1.8
BQ.1.8.1	22E	BQ.1.8.1	BA.5.3.1.1.1.1.1.8.1
BQ.1.8.2	22E	BQ.1.8.2	BA.5.3.1.1.1.1.1.8.2
BQ.1.9	22E	BQ.1.9	BA.5.3.1.1.1.1.1.9
BQ.1.10	22E	BQ.1.10	BA.5.3.1.1.1.1.1.10
BQ.1.10.1	22E	BQ.1.10.1	BA.5.3.1.1.1.1.1.10.1
BQ.1.10.2	22E	BQ.1.10.2	BA.5.3.1.1.1.1.1.10.2
BQ.1.10.3	22E	BQ.1.10.3	BA.5.3.1.1.1.1.1.10.3
BQ.1.11	22E	BQ.1.11	BA.5.3.1.1.1.1.1.11
BQ.1.11.1	22E	BQ.1.11.1	BA.5.3.1.1.1.1.1.11.1
BQ.1.12	22E	BQ.1.12	BA.5.3.1.1.1.1.1.12
BQ.1.13	22E	BQ.1.13	BA.5.3.1.1.1.1.1.13
BQ.1.13.1	22E	BQ.1.13.1	BA.5.3.1.1.1.1.1.13.1
BQ.1.14	22E	BQ.1.14	BA.5.3.1.1.1.1.1.14
BQ.1.15	22E	BQ.1.15	BA.5.3.1.1.1.1.1.15
BQ.1.15.1	22E	BQ.1.15.1	BA.5.3.1.1.1.1.1.15.1
BQ.1.15.2	22E	BQ.1.15.2	BA.5.3.1.1.1.1.1.15.2
BQ.1.16	22E	BQ.1.16	BA.5.3.1.1.1.1.1.16
BQ.1.17	22E	BQ.1.17	BA.5.3.1.1.1.1.1.17
BQ.1.18	22E	BQ.1.18	BA.5.3.1.1.1.1.1.18
BQ.1.19	22E	BQ.1.19	BA.5.3.1.1.1.1.1.19
BQ.1.20	22E	BQ.1.20	BA.5.3.1.1.1.1.1.20
BQ.1.21	22E	BQ.1.21	BA.5.3.1.1.1.1.1.21
BQ.1.22	22E	BQ.1.22	BA.5.3.1.1.1.1.1.22
BQ.1.23	22E	BQ.1.23	BA.5.3.1.1.1.1.1.23
BQ.1.24	22E	BQ.1.24	BA.5.3.1.1.1.1.1.24
BQ.1.25	22E	BQ.1.25	BA.5.3.1.1.1.1.1.25
BQ.1.25.1	22E	BQ.1.25.1	BA.5.3.1.1.1.1.1.25.1
BQ.1.26	22E	BQ.1.26	BA.5.3.1.1.1.1.1.26
BQ.1.26.1	22E	BQ.1.26.1	BA.5.3.1.1.1.1.1.26.1
BQ.1.27	22E	BQ.1.27	BA.5.3.1.1.1.1.1.27
BQ.1.28	22E	BQ.1.28	BA.5.3.1.1.1.1.1.28
BQ.1.29	22E	BQ.1.29	BA.5.3.1.1.1.1.1.29
BQ.1.30	22E	BQ.1.30	BA.5.3.1.1.1.1.1.30
BQ.1.31	22E	BQ.1.31	BA.5.3.1.1.1.1.1.31
BQ.2	22B	BQ.2	BA.5.3.1.1.1.1.2
BR.1	22D	BR.1	BA.2.75.4.1
BR.1.1	22D	BR.1.1	BA.2.75.4.1.1
BR.1.2	22D	BR.1.2	BA.2.75.4.1.2
BR.2	22D	BR.2	BA.2.75.4.2
BR.2.1	22D	BR.2.1	BA.2.75.4.2.1
BR.3	22D	BR.3	BA.2.75.4.3
BR.4	22D	BR.4	BA.2.75.4.4
BR.5	22D	BR.5	BA.2.75.4.5
BS.1	21L	BS.1	BA.2.3.2.1
BS.1.1	21L	BS.1.1	BA.2.3.2.1.1
BS.1.2	21L	BS.1.2	BA.2.3.2.1.2
BT.1	22B	BT.1	BA.5.1.21.1
BT.2	22B	BT.2	BA.5.1.21.2
BU.1	22B	BU.1	BA.5.2.16.1
BU.2	22B	BU.2	BA.5.2.16.2
BU.3	22B	BU.3	BA.5.2.16.3
BV.1	22B	BV.1	BA.5.2.20.1
BV.2	22B	BV.2	BA.5.2.20.2
BW.1	22B	BW.1	BA.5.6.2.1
BW.1.1	22B	BW.1.1	BA.5.6.2.1.1
BW.1.1.1	22B	BW.1.1.1	BA.5.6.2.1.1.1
BW.1.1.2	22B	BW.1.1.2	BA.5.6.2.1.1.2
BW.1.2	22B	BW.1.2	BA.5.6.2.1.2
BY.1	22D	BY.1	BA.2.75.6.1
BY.1.1	22D	BY.1.1	BA.2.75.6.1.1
BY.1.1.1	22D	BY.1.1.1	BA.2.75.6.1.1.1
BY.1.2	22D	BY.1.2	BA.2.75.6.1.2
BY.1.2.1	22D	BY.1.2.1	BA.2.75.6.1.2.1
BZ.1	22B	BZ.1	BA.5.2.3.1
BZ.2	22B	BZ.2	BA.5.2.3.2
CA.1	22D	CA.1	BA.2.75.2.1
CA.2	22D	CA.2	BA.2.75.2.2
CA.3	22D	CA.3	BA.2.75.2.3
CA.3.1	22D	CA.3.1	BA.2.75.2.3.1
CA.4	22D	CA.4	BA.2.75.2.4
CA.5	22D	CA.5	BA.2.75.2.5
CA.6	22D	CA.6	BA.2.75.2.6
CA.7	22D	CA.7	BA.2.75.2.7
CB.1	22D	CB.1	BA.2.75.9.1
CC.1	22B	CC.1	BA.5.3.1.1.1.2.1
CD.1	22B	CD.1	BA.5.2.31.1
CD.2	22B	CD.2	BA.5.2.31.2
CE.1	22B	CE.1	BA.5.2.33.1
CF.1	22B	CF.1	BA.5.2.27.1
CG.1	22B	CG.1	BA.5.2.26.1
CH.1	22D	CH.1	BA.2.75.3.4.1.1.1
CH.1.1	22D	CH.1.1	BA.2.75.3.4.1.1.1.1
CH.1.1.1	22D	CH.1.1.1	BA.2.75.3.4.1.1.1.1.1
CH.1.1.2	22D	CH.1.1.2	BA.2.75.3.4.1.1.1.1.2
CH.1.1.3	22D	CH.1.1.3	BA.2.75.3.4.1.1.1.1.3
CH.1.1.4	22D	CH.1.1.4	BA.2.75.3.4.1.1.1.1.4
CH.1.1.5	22D	CH.1.1.5	BA.2.75.3.4.1.1.1.1.5
CH.1.1.6	22D	CH.1.1.6	BA.2.75.3.4.1.1.1.1.6
CH.1.1.7	22D	CH.1.1.7	BA.2.75.3.4.1.1.1.1.7
CH.1.1.8	22D	CH.1.1.8	BA.2.75.3.4.1.1.1.1.8
CH.1.1.9	22D	CH.1.1.9	BA.2.75.3.4.1.1.1.1.9
CH.1.1.10	22D	CH.1.1.10	BA.2.75.3.4.1.1.1.1.10
CH.1.1.11	22D	CH.1.1.11	BA.2.75.3.4.1.1.1.1.11
CH.1.1.12	22D	CH.1.1.12	BA.2.75.3.4.1.1.1.1.12
CH.1.1.13	22D	CH.1.1.13	BA.2.75.3.4.1.1.1.1.13
CH.1.1.14	22D	CH.1.1.14	BA.2.75.3.4.1.1.1.1.14
CH.2	22D	CH.2	BA.2.75.3.4.1.1.2
CH.3	22D	CH.3	BA.2.75.3.4.1.1.3
CH.3.1	22D	CH.3.1	BA.2.75.3.4.1.1.3.1
CJ.1	22D	CJ.1	BA.2.75.3.1.1.1.1
CJ.1.1	22D	CJ.1.1	BA.2.75.3.1.1.1.1.1
CK.1	22B	CK.1	BA.5.2.24.1
CK.1.1	22B	CK.1.1	BA.5.2.24.1.1
CK.1.2	22B	CK.1.2	BA.5.2.24.1.2
CK.2	22B	CK.2	BA.5.2.24.2
CK.2.1	22B	CK.2.1	BA.5.2.24.2.1
CK.2.1.1	22B	CK.2.1.1	BA.5.2.24.2.1.1
CK.3	22B	CK.3	BA.5.2.24.3
CL.1	22B	CL.1	BA.5.1.29.1
CL.1.1	22B	CL.1.1	BA.5.1.29.1.1
CL.1.2	22B	CL.1.2	BA.5.1.29.1.2
CL.1.3	22B	CL.1.3	BA.5.1.29.1.3
CM.1	21L	CM.1	BA.2.3.20.1
CM.2	21L	CM.2	BA.2.3.20.2
CM.2.1	21L	CM.2.1	BA.2.3.20.2.1
CM.3	21L	CM.3	BA.2.3.20.3
CM.4	21L	CM.4	BA.2.3.20.4
CM.4.1	21L	CM.4.1	BA.2.3.20.4.1
CM.5	21L	CM.5	BA.2.3.20.5
CM.5.1	21L	CM.5.1	BA.2.3.20.5.1
CM.5.2	21L	CM.5.2	BA.2.3.20.5.2
CM.6	21L	CM.6	BA.2.3.20.6
CM.6.1	21L	CM.6.1	BA.2.3.20.6.1
CM.7	21L	CM.7	BA.2.3.20.7
CM.8	21L	CM.8	BA.2.3.20.8
CM.8.1	21L	CM.8.1	BA.2.3.20.8.1
CM.8.1.1	21L	CM.8.1.1	BA.2.3.20.8.1.1
CM.8.1.2	21L	CM.8.1.2	BA.2.3.20.8.1.2
CM.9	21L	CM.9	BA.2.3.20.9
CM.10	21L	CM.10	BA.2.3.20.10
CM.11	21L	CM.11	BA.2.3.20.11
CM.12	21L	CM.12	BA.2.3.20.12
CN.1	22B	CN.1	BA.5.2.21.1
CN.2	22B	CN.2	BA.5.2.21.2
CP.1	22B	CP.1	BA.5.2.6.1
CP.1.1	22B	CP.1.1	BA.5.2.6.1.1
CP.1.2	22B	CP.1.2	BA.5.2.6.1.2
CP.1.3	22B	CP.1.3	BA.5.2.6.1.3
CP.2	22B	CP.2	BA.5.2.6.2
CP.3	22B	CP.3	BA.5.2.6.3
CP.4	22B	CP.4	BA.5.2.6.4
CP.5	22B	CP.5	BA.5.2.6.5
CP.6	22B	CP.6	BA.5.2.6.6
CQ.1	22B	CQ.1	BA.5.3.1.4.1.1.1
CQ.1.1	22B	CQ.1.1	BA.5.3.1.4.1.1.1.1
CQ.2	22B	CQ.2	BA.5.3.1.4.1.1.2
CR.1	22B	CR.1	BA.5.2.18.1
CR.1.1	22B	CR.1.1	BA.5.2.18.1.1
CR.1.2	22B	CR.1.2	BA.5.2.18.1.2
CR.1.3	22B	CR.1.3	BA.5.2.18.1.3
CR.2	22B	CR.2	BA.5.2.18.2
CS.1	22A	CS.1	BA.4.1.10.1
CT.1	22B	CT.1	BA.5.2.36.1
CU.1	22B	CU.1	BA.5.1.26.1
CV.1	22D	CV.1	BA.2.75.3.1.1.3.1
CV.2	22D	CV.2	BA.2.75.3.1.1.3.2
CW.1	22E	CW.1	BA.5.3.1.1.1.1.1.1.14.1
CY.1	22B	CY.1	BA.5.2.7.1
CZ.1	22E	CZ.1	BA.5.3.1.1.1.1.1.1.1.1
CZ.2	22E	CZ.2	BA.5.3.1.1.1.1.1.1.1.2
DA.1	22B	DA.1	BA.5.2.38.1
DB.1	22B	DB.1	BA.5.2.25.1
DB.2	22B	DB.2	BA.5.2.25.2
DC.1	22A	DC.1	BA.4.6.5.1
DD.1	21L	DD.1	BA.2.3.21.1
DE.1	22B	DE.1	BA.5.1.23.1
DE.2	22B	DE.2	BA.5.1.23.2
DF.1	22B	DF.1	BA.5.10.1.1
DF.1.1	22B	DF.1.1	BA.5.10.1.1.1
DG.1	22B	DG.1	BA.5.2.24.2.1.1.1
DH.1	22B	DH.1	BA.5.1.22.1
DJ.1	22B	DJ.1	BA.5.1.25.1
DJ.1.1	22B	DJ.1.1	BA.5.1.25.1.1
DJ.1.1.1	22B	DJ.1.1.1	BA.5.1.25.1.1.1
DJ.1.2	22B	DJ.1.2	BA.5.1.25.1.2
DJ.1.3	22B	DJ.1.3	BA.5.1.25.1.3
DK.1	22E	DK.1	BA.5.3.1.1.1.1.1.1.7.1
DL.1	22B	DL.1	BA.5.1.15.1
DM.1	22E	DM.1	BA.5.3.1.1.1.1.1.1.15.1
DN.1	22E	DN.1	BA.5.3.1.1.1.1.1.1.5.1
DN.1.1	22E	DN.1.1	BA.5.3.1.1.1.1.1.1.5.1.1
DN.1.1.1	22E	DN.1.1.1	BA.5.3.1.1.1.1.1.1.5.1.1.1
DN.1.1.2	22E	DN.1.1.2	BA.5.3.1.1.1.1.1.1.5.1.1.2
DP.1	22E	DP.1	BA.5.3.1.1.1.1.1.1.8.1
DQ.1	22B	DQ.1	BA.5.2.47.1
DR.1	22E	DR.1	BA.5.3.1.1.1.1.1.1.3.1
DS.1	22D	DS.1	BA.2.75.5.1.3.1.1
DS.2	22D	DS.2	BA.2.75.5.1.3.1.2
DS.3	22D	DS.3	BA.2.75.5.1.3.1.3
DT.1	22E	DT.1	BA.5.3.1.1.1.1.1.1.32.1
DT.2	22E	DT.2	BA.5.3.1.1.1.1.1.1.32.2
DT.3	22E	DT.3	BA.5.3.1.1.1.1.1.1.32.3
DU.1	22E	DU.1	BA.5.3.1.1.1.1.1.1.2.1
DV.1	22D	DV.1	BA.2.75.3.4.1.1.1.1.1.1
DV.2	22D	DV.2	BA.2.75.3.4.1.1.1.1.1.2
DV.3	22D	DV.3	BA.2.75.3.4.1.1.1.1.1.3
DV.4	22D	DV.4	BA.2.75.3.4.1.1.1.1.1.4
DW.1	22B	DW.1	BA.5.3.1.1.2.1.1
DY.1	22B	DY.1	BA.5.2.48.1
DY.1.1	22B	DY.1.1	BA.5.2.48.1.1
DY.2	22B	DY.2	BA.5.2.48.2
DY.3	22B	DY.3	BA.5.2.48.3
DY.4	22B	DY.4	BA.5.2.48.4
DZ.1	22B	DZ.1	BA.5.2.49.1
DZ.2	22B	DZ.2	BA.5.2.49.2
EA.1	22E	EA.1	BA.5.3.1.1.1.1.1.1.52.1
EA.2	22E	EA.2	BA.5.3.1.1.1.1.1.1.52.2
EB.1	22B	EB.1	BA.5.1.35.1
EC.1	22E	EC.1	BA.5.3.1.1.1.1.1.10.1.1
EC.1.1	22E	EC.1.1	BA.5.3.1.1.1.1.1.10.1.1.1
ED.1	22E	ED.1	BA.5.3.1.1.1.1.1.1.18.1
ED.2	22E	ED.2	BA.5.3.1.1.1.1.1.1.18.2
ED.3	22E	ED.3	BA.5.3.1.1.1.1.1.1.18.3
EE.1	22E	EE.1	BA.5.3.1.1.1.1.1.1.4.1
EE.2	22E	EE.2	BA.5.3.1.1.1.1.1.1.4.2
EE.3	22E	EE.3	BA.5.3.1.1.1.1.1.1.4.3
EE.4	22E	EE.4	BA.5.3.1.1.1.1.1.1.4.4
EE.5	22E	EE.5	BA.5.3.1.1.1.1.1.1.4.5
EF.1	22E	EF.1	BA.5.3.1.1.1.1.1.1.13.1
EF.1.1	22E	EF.1.1	BA.5.3.1.1.1.1.1.1.13.1.1
EF.1.1.1	22E	EF.1.1.1	BA.5.3.1.1.1.1.1.1.13.1.1.1
EF.1.2	22E	EF.1.2	BA.5.3.1.1.1.1.1.1.13.1.2
EF.1.3	22E	EF.1.3	BA.5.3.1.1.1.1.1.1.13.1.3
EF.2	22E	EF.2	BA.5.3.1.1.1.1.1.1.13.2
EG.1	22F	EG.1	XBB.1.9.2.1
EH.1	22E	EH.1	BA.5.3.1.1.1.1.1.1.28.1
EJ.1	22D	EJ.1	BA.2.75.5.1.3.8.1
EJ.2	22D	EJ.2	BA.2.75.5.1.3.8.2
EK.1	23A	EK.1	XBB.1.5.13.1
EL.1	23A	EL.1	XBB.1.5.14.1
XAA	recombinant	XAA	XAA
XAB	recombinant	XAB	XAB
XAC	recombinant	XAC	XAC
XAD	recombinant	XAD	XAD
XAE	recombinant	XAE	XAE
XAF	recombinant	XAF	XAF
XAG	recombinant	XAG	XAG
XAH	recombinant	XAH	XAH
XAJ	recombinant	XAJ	XAJ
XAK	recombinant	XAK	XAK
XAL	recombinant	XAL	XAL
XAM	recombinant	XAM	XAM
XAN	recombinant	XAN	XAN
XAP	recombinant	XAP	XAP
XAQ	recombinant	XAQ	XAQ
XAR	recombinant	XAR	XAR
XAS	recombinant	XAS	XAS
XAT	recombinant	XAT	XAT
XAU	recombinant	XAU	XAU
XAV	recombinant	XAV	XAV
XAW	recombinant	XAW	XAW
XAY	recombinant	XAY	XAY
XAY.1	recombinant	XAY.1	XAY.1
XAY.1.1	recombinant	XAY.1.1	XAY.1.1
XAY.1.1.1	recombinant	XAY.1.1.1	XAY.1.1.1
XAY.1.2	recombinant	XAY.1.2	XAY.1.2
XAY.2	recombinant	XAY.2	XAY.2
XAY.2.1	recombinant	XAY.2.1	XAY.2.1
XAY.2.2	recombinant	XAY.2.2	XAY.2.2
XAY.3	recombinant	XAY.3	XAY.3
XAZ	recombinant	XAZ	XAZ
XBA	recombinant	XBA	XBA
XBB	22F	XBB	XBB
XBB.1	22F	XBB.1	XBB.1
XBB.1.1	22F	XBB.1.1	XBB.1.1
XBB.1.2	22F	XBB.1.2	XBB.1.2
XBB.1.3	22F	XBB.1.3	XBB.1.3
XBB.1.4	22F	XBB.1.4	XBB.1.4
XBB.1.4.1	22F	XBB.1.4.1	XBB.1.4.1
XBB.1.5	23A	XBB.1.5	XBB.1.5
XBB.1.5.1	23A	XBB.1.5.1	XBB.1.5.1
XBB.1.5.2	23A	XBB.1.5.2	XBB.1.5.2
XBB.1.5.3	23A	XBB.1.5.3	XBB.1.5.3
XBB.1.5.4	23A	XBB.1.5.4	XBB.1.5.4
XBB.1.5.5	23A	XBB.1.5.5	XBB.1.5.5
XBB.1.5.6	23A	XBB.1.5.6	XBB.1.5.6
XBB.1.5.7	23A	XBB.1.5.7	XBB.1.5.7
XBB.1.5.8	23A	XBB.1.5.8	XBB.1.5.8
XBB.1.5.9	23A	XBB.1.5.9	XBB.1.5.9
XBB.1.5.10	23A	XBB.1.5.10	XBB.1.5.10
XBB.1.5.11	23A	XBB.1.5.11	XBB.1.5.11
XBB.1.5.12	23A	XBB.1.5.12	XBB.1.5.12
XBB.1.5.13	23A	XBB.1.5.13	XBB.1.5.13
XBB.1.5.14	23A	XBB.1.5.14	XBB.1.5.14
XBB.1.6	22F	XBB.1.6	XBB.1.6
XBB.1.7	22F	XBB.1.7	XBB.1.7
XBB.1.8	22F	XBB.1.8	XBB.1.8
XBB.1.9	22F	XBB.1.9	XBB.1.9
XBB.1.9.1	22F	XBB.1.9.1	XBB.1.9.1
XBB.1.9.2	22F	XBB.1.9.2	XBB.1.9.2
XBB.1.9.3	22F	XBB.1.9.3	XBB.1.9.3
XBB.1.10	22F	XBB.1.10	XBB.1.10
XBB.1.11	22F	XBB.1.11	XBB.1.11
XBB.1.11.1	22F	XBB.1.11.1	XBB.1.11.1
XBB.1.12	22F	XBB.1.12	XBB.1.12
XBB.1.13	22F	XBB.1.13	XBB.1.13
XBB.1.14	22F	XBB.1.14	XBB.1.14
XBB.1.15	22F	XBB.1.15	XBB.1.15
XBB.2	22F	XBB.2	XBB.2
XBB.2.1	22F	XBB.2.1	XBB.2.1
XBB.2.2	22F	XBB.2.2	XBB.2.2
XBB.2.3	22F	XBB.2.3	XBB.2.3
XBB.2.4	22F	XBB.2.4	XBB.2.4
XBB.2.5	22F	XBB.2.5	XBB.2.5
XBB.3	22F	XBB.3	XBB.3
XBB.3.1	22F	XBB.3.1	XBB.3.1
XBB.3.2	22F	XBB.3.2	XBB.3.2
XBB.3.3	22F	XBB.3.3	XBB.3.3
XBB.4	22F	XBB.4	XBB.4
XBB.4.1	22F	XBB.4.1	XBB.4.1
XBB.5	22F	XBB.5	XBB.5
XBB.6	22F	XBB.6	XBB.6
XBB.6.1	22F	XBB.6.1	XBB.6.1
XBB.7	22F	XBB.7	XBB.7
XBC	recombinant	XBC	XBC
XBC.1	recombinant	XBC.1	XBC.1
XBC.1.1	recombinant	XBC.1.1	XBC.1.1
XBC.1.1.1	recombinant	XBC.1.1.1	XBC.1.1.1
XBC.1.2	recombinant	XBC.1.2	XBC.1.2
XBC.1.2.1	recombinant	XBC.1.2.1	XBC.1.2.1
XBC.1.3	recombinant	XBC.1.3	XBC.1.3
XBC.1.4	recombinant	XBC.1.4	XBC.1.4
XBC.2	recombinant	XBC.2	XBC.2
XBD	recombinant	XBD	XBD
XBE	recombinant	XBE	XBE
XBF	recombinant	XBF	XBF
XBF.1	recombinant	XBF.1	XBF.1
XBF.2	recombinant	XBF.2	XBF.2
XBF.3	recombinant	XBF.3	XBF.3
XBF.4	recombinant	XBF.4	XBF.4
XBF.5	recombinant	XBF.5	XBF.5
XBF.6	recombinant	XBF.6	XBF.6
XBF.7	recombinant	XBF.7	XBF.7
XBF.7.1	recombinant	XBF.7.1	XBF.7.1
XBF.8	recombinant	XBF.8	XBF.8
XBG	recombinant	XBG	XBG
XBH	recombinant	XBH	XBH
XBJ	recombinant	XBJ	XBJ
XBK	recombinant	XBK	XBK
XBK.1	recombinant	XBK.1	XBK.1
XBL	recombinant	XBL	XBL
XBM	recombinant	XBM	XBM
XBN	recombinant	XBN	XBN
XBP	recombinant	XBP	XBP
XBQ	recombinant	XBQ	XBQ
XBR	recombinant	XBR	XBR
XBS	recombinant	XBS	XBS
XBT	recombinant	XBT	XBT
XE	recombinant	XE	XE
XG	recombinant	XG	XG
XH	recombinant	XH	XH
XJ	recombinant	XJ	XJ
XK	recombinant	XK	XK
XL	recombinant	XL	XL
XM	recombinant	XM	XM
XN	recombinant	XN	XN
XP	recombinant	XP	XP
XQ	recombinant	XQ	XQ
XR	recombinant	XR	XR
XT	recombinant	XT	XT
XU	recombinant	XU	XU
XV	recombinant	XV	XV
XW	recombinant	XW	XW
XY	recombinant	XY	XY
XZ	recombinant	XZ	XZ
